Question	Answer	Source	Metadata	SuggestedQuestions	IsContextOnly	Prompts
Where can I apply for unemployment?	If you lost your job or had your hours reduced, and meet eligibility requirements, you may be eligible to receive Unemployment Insurance (UI) benefits from Californiaâ€™s Employment Development Department (EDD). Check the [guide to applying for unemployment benefits](https://unemployment.edd.ca.gov/guide).\n\nMore info: [Workers](https://covid19.ca.gov/workers/)	Editorial		[]	false	[]
Can I go to the movies? 	Yes, movie theaters and drive-in movie theaters can open statewide with modifications to support physical distancing. <!-- film, imax -->	Editorial		[]	false	[]
Are hotels allowed to open?	[Counties that have received approval from the State](https://www.cdph.ca.gov/Programs/CID/DCDC/Pages/COVID-19/County_Variance_Attestation_Form.aspx) may open hotels, lodging and short term rentals for tourism and individual travel as long as they follow [state guidance](https://covid19.ca.gov/pdf/guidance-hotels-lodging-rentals.pdf) for public health and safety. Large meeting venues, banquet halls or convention centers should remain closed. All other counties [should only open hotels and lodging](https://covid19.ca.gov/pdf/guidance-hotels.pdf) for COVID-19 mitigation and containment measures, treatment measures, providing accommodation for essential workers, or housing solutions, including measures to protect homeless populations. <!-- motel, vacation, airbnb, vrbo, rental home -->	Editorial		[]	false	[]
Are restaurants allowed to open?	Restaurants across the state can be open for take out or delivery services. [Restaurants, bars, wineries and lounges](https://covid19.ca.gov/pdf/guidance-restaurants-bars.pdf) may be open [only in counties that have received approval from the State](https://www.cdph.ca.gov/Programs/CID/DCDC/Pages/COVID-19/County_Variance_Attestation_Form.aspx). <!-- food, pub, brew, craft distilleries -->	Editorial		[]	false	[]
Can I get my nails done? Can I get a massage? Can I get a facial? Can I get a tattoo?	It depends. If your county has been approved to move further in the Resilience Roadmap, then personal care services like nail salons, massage clinics, skin care, tattoo parlors, and piercing shops may reopen in your area. See the list of [counties with a variance](https://www.cdph.ca.gov/Programs/CID/DCDC/Pages/COVID-19/County_Variance_Attestation_Form.aspx).\n\nMore info: [Stay home Q&A](https://covid19.ca.gov/stay-home-except-for-essential-needs/) <!-- spa, esthetician, electrolysis, waxing, cosmetology services, electrology, body art -->	Editorial		[]	false	[]
Can my pet test positive for coronavirus? Can I take my pet to the vet?	While we are still learning about coronavirus, the risk of your pet testing positive for coronavirus is low. Because [there is still a risk](https://www.cdc.gov/coronavirus/2019-ncov/animals/pets-other-animals.html), keep your pets away from other pets and people outside of your household. Do not put face coverings on pets as this could harm your pet.\n\nYou can go to the vet or pet hospital if your pet is sick. Remember to wear a cloth face covering and to distance yourself at least 6 feet from other pets and owners.	Editorial		[]	false	[]



